,mean,std
Building time,80.1412479672581,7.4626894427740895
Simulation time,155.8515302408854,19.828013422065457
Update,24.426642175347226,4.361571988523359
Collocation,1.727134809027778,0.7194059773652292
Communication,89.51865349392361,19.5207554049408
Delivery,37.4607601892361,4.756505224245134
