,mean,std
Building time ,950.8647000000001,28.84667630785219
Simulation time,68.46794,0.6417145567929705
Neuron dynamics,6.862801,0.1962381455502473
Poisson generator,13.46948,0.14359999164345383
Remote spike,16.983144000000003,0.7349302802878652
Local spike,20.095583100000002,0.7801263960843076
Other,11.0569319,0.13747362135147997
