,mean,std
Building time ,989.8878554999999,68.14008283548749
Simulation time,71.9394,2.1689934089341985
Neuron dynamics,7.360223416666668,0.26219743521513694
Poisson generator,13.451609166666668,0.19180768299588502
Remote spike,24.340142,2.4103970545995943
Local spike,20.255170616666668,0.7886600199825369
Other,6.532254800000002,0.24630213363298686
