,mean,std
Building time,69.50365289362769,0.4178490194821708
Simulation time,479.1256502113716,72.73541196257196
Update,50.93687809635417,4.433932978378377
Collocation,7.741119607638889,1.2385385440708707
Communication,296.52577673611114,46.86169821577889
Delivery,121.10670171874997,20.348518626880193
