,mean,std
Building time ,1003.1303999999998,53.06565016882389
Simulation time,165.331,10.56574693999435
Neuron dynamics,6.668316034210527,0.6193173441440389
Poisson generator,13.462681877192983,0.365204696485395
Remote spike,79.66779166517546,11.012019500881145
Local spike,44.22765506596492,11.892375996347589
Other,21.30455535745613,2.782133057228575
