,mean,std
Building time ,957.0352999999999,40.84523123217688
Simulation time,160.18340000000003,8.526464451342072
Neuron dynamics,6.3596812952380954,0.28810289238372766
Poisson generator,13.54599542857143,0.14451050147988664
Remote spike,78.70072259238096,8.89539196051223
Local spike,46.314894828571425,5.5639751641479265
Other,15.262105855238099,0.497566123231353
